File,,04e19c38-6cdf-4162-aad0-c4a209ccdca5(%Of-File),04e19c38-6cdf-4162-aad0-c4a209ccdca5(%Of-Feature),04e19c38-6cdf-4162-aad0-c4a209ccdca5(#Propagations),0b1c6a61-a5fb-4e76-8de2-146b5f87c11f(%Of-File),0b1c6a61-a5fb-4e76-8de2-146b5f87c11f(%Of-Feature),0b1c6a61-a5fb-4e76-8de2-146b5f87c11f(#Propagations),23c53fec-2469-456d-b5ef-4c5299e232c4(%Of-File),23c53fec-2469-456d-b5ef-4c5299e232c4(%Of-Feature),23c53fec-2469-456d-b5ef-4c5299e232c4(#Propagations),2aac7fd5-0740-465e-bd56-67536cf18625(%Of-File),2aac7fd5-0740-465e-bd56-67536cf18625(%Of-Feature),2aac7fd5-0740-465e-bd56-67536cf18625(#Propagations),38548698-4ba1-43cb-8b3d-46aa98867c32(%Of-File),38548698-4ba1-43cb-8b3d-46aa98867c32(%Of-Feature),38548698-4ba1-43cb-8b3d-46aa98867c32(#Propagations),4455a1dd-a35f-4e2f-aba9-9323ea6e092d(%Of-File),4455a1dd-a35f-4e2f-aba9-9323ea6e092d(%Of-Feature),4455a1dd-a35f-4e2f-aba9-9323ea6e092d(#Propagations),66673415-9491-4892-95c9-f6102d369f52(%Of-File),66673415-9491-4892-95c9-f6102d369f52(%Of-Feature),66673415-9491-4892-95c9-f6102d369f52(#Propagations),734cc6d5-7876-4918-864a-dcfc730d0c6e(%Of-File),734cc6d5-7876-4918-864a-dcfc730d0c6e(%Of-Feature),734cc6d5-7876-4918-864a-dcfc730d0c6e(#Propagations),7d2ffad7-ee0d-450e-985e-b5198902166b(%Of-File),7d2ffad7-ee0d-450e-985e-b5198902166b(%Of-Feature),7d2ffad7-ee0d-450e-985e-b5198902166b(#Propagations),7e588155-c430-4e8c-adb2-d46f45c6fb15(%Of-File),7e588155-c430-4e8c-adb2-d46f45c6fb15(%Of-Feature),7e588155-c430-4e8c-adb2-d46f45c6fb15(#Propagations),8618cd7a-b844-4e16-81f7-55381d77d838(%Of-File),8618cd7a-b844-4e16-81f7-55381d77d838(%Of-Feature),8618cd7a-b844-4e16-81f7-55381d77d838(#Propagations),8a6369c4-da6a-4eb3-baae-86f02164abe4(%Of-File),8a6369c4-da6a-4eb3-baae-86f02164abe4(%Of-Feature),8a6369c4-da6a-4eb3-baae-86f02164abe4(#Propagations),9912a19f-f6b1-4212-9f80-b2013c92a719(%Of-File),9912a19f-f6b1-4212-9f80-b2013c92a719(%Of-Feature),9912a19f-f6b1-4212-9f80-b2013c92a719(#Propagations),a47e9d2e-eaef-4d20-963b-c3e712405bf0(%Of-File),a47e9d2e-eaef-4d20-963b-c3e712405bf0(%Of-Feature),a47e9d2e-eaef-4d20-963b-c3e712405bf0(#Propagations),ba666d86-ddd3-46ff-9995-608c2b40ec3c(%Of-File),ba666d86-ddd3-46ff-9995-608c2b40ec3c(%Of-Feature),ba666d86-ddd3-46ff-9995-608c2b40ec3c(#Propagations),c5cedf52-6738-44c8-b3a1-b436084dc794(%Of-File),c5cedf52-6738-44c8-b3a1-b436084dc794(%Of-Feature),c5cedf52-6738-44c8-b3a1-b436084dc794(#Propagations),c7731267-0c1c-429f-ba66-a29f201c9c44(%Of-File),c7731267-0c1c-429f-ba66-a29f201c9c44(%Of-Feature),c7731267-0c1c-429f-ba66-a29f201c9c44(#Propagations),cbf33414-b421-4280-bca9-2a54c53491b7(%Of-File),cbf33414-b421-4280-bca9-2a54c53491b7(%Of-Feature),cbf33414-b421-4280-bca9-2a54c53491b7(#Propagations),d2f08e54-f111-4c04-a0bc-db732e9c48cc(%Of-File),d2f08e54-f111-4c04-a0bc-db732e9c48cc(%Of-Feature),d2f08e54-f111-4c04-a0bc-db732e9c48cc(#Propagations),de9a1df6-ae67-4d50-9823-65fd2519cc9e(%Of-File),de9a1df6-ae67-4d50-9823-65fd2519cc9e(%Of-Feature),de9a1df6-ae67-4d50-9823-65fd2519cc9e(#Propagations),e4f4f43f-0309-4571-abc5-736d6ad5847d(%Of-File),e4f4f43f-0309-4571-abc5-736d6ad5847d(%Of-Feature),e4f4f43f-0309-4571-abc5-736d6ad5847d(#Propagations),ef3bf622-4291-4f7d-94c0-1ff8a0b6a976(%Of-File),ef3bf622-4291-4f7d-94c0-1ff8a0b6a976(%Of-Feature),ef3bf622-4291-4f7d-94c0-1ff8a0b6a976(#Propagations),f44fa3e5-9111-4dbb-b3cd-8dbb97e27c24(%Of-File),f44fa3e5-9111-4dbb-b3cd-8dbb97e27c24(%Of-Feature),f44fa3e5-9111-4dbb-b3cd-8dbb97e27c24(#Propagations),fd2233fe-8b70-4ede-b67a-f6fa1367c874(%Of-File),fd2233fe-8b70-4ede-b67a-f6fa1367c874(%Of-Feature),fd2233fe-8b70-4ede-b67a-f6fa1367c874(#Propagations)
DemoSite\site\src\main\java\com\community\controller\account\ChangePasswordController.java,,0,0,0,0,0,0,0,0,0,0,0,0,0,0,0,0,0,0,100,50,1,0,0,0,0,0,0,0,0,0,0,0,0,0,0,0,0,0,0,0,0,0,0,0,0,0,0,0,0,0,0,0,0,0,0,0,0,0,0,0,0,0,0,0,0,0,0,0,0,0,0,0
DemoSite\site\src\main\java\com\community\controller\account\LoginController.java,,0,0,0,0,0,0,0,0,0,0,0,0,0,0,0,0,0,0,0,0,0,0,0,0,0,0,0,0,0,0,0,0,0,0,0,0,0,0,0,0,0,0,0,0,0,0,0,0,0,0,0,0,0,0,0,0,0,0,0,0,0,0,0,0,0,0,100,9.090909090909092,1,0,0,0
DemoSite\site\src\main\java\com\community\controller\account\ManageCustomerAddressesController.java,,0,0,0,0,0,0,0,0,0,0,0,0,100,7.6923076923076925,1,0,0,0,0,0,0,0,0,0,0,0,0,0,0,0,0,0,0,0,0,0,0,0,0,0,0,0,0,0,0,0,0,0,0,0,0,0,0,0,0,0,0,0,0,0,0,0,0,0,0,0,0,0,0,0,0,0
DemoSite\site\src\main\java\com\community\controller\account\ManageCustomerPaymentsController.java,,0,0,0,0,0,0,0,0,0,0,0,0,100,7.6923076923076925,1,0,0,0,0,0,0,0,0,0,0,0,0,0,0,0,0,0,0,0,0,0,0,0,0,0,0,0,0,0,0,0,0,0,0,0,0,0,0,0,0,0,0,0,0,0,0,0,0,0,0,0,0,0,0,0,0,0
DemoSite\site\src\main\java\com\community\controller\account\ManageWishlistController.java,,0,0,0,0,0,0,0,0,0,0,0,0,0,0,0,0,0,0,0,0,0,0,0,0,0,0,0,0,0,0,0,0,0,100,50,1,0,0,0,0,0,0,0,0,0,0,0,0,0,0,0,0,0,0,0,0,0,0,0,0,0,0,0,0,0,0,0,0,0,0,0,0
DemoSite\site\src\main\java\com\community\controller\account\OrderHistoryController.java,,0,0,0,0,0,0,0,0,0,0,0,0,100,7.6923076923076925,1,0,0,0,0,0,0,0,0,0,0,0,0,0,0,0,0,0,0,0,0,0,0,0,0,0,0,0,0,0,0,0,0,0,0,0,0,0,0,0,0,0,0,0,0,0,0,0,0,0,0,0,0,0,0,0,0,0
DemoSite\site\src\main\java\com\community\controller\account\RedirectController.java,,0,0,0,0,0,0,0,0,0,0,0,0,0,0,0,0,0,0,0,0,0,0,0,0,0,0,0,0,0,0,0,0,0,0,0,0,0,0,0,0,0,0,0,0,0,100,25,1,0,0,0,0,0,0,0,0,0,0,0,0,0,0,0,0,0,0,0,0,0,0,0,0
DemoSite\site\src\main\java\com\community\controller\account\RegisterController.java,,0,0,0,0,0,0,0,0,0,0,0,0,0,0,0,0,0,0,100,50,1,0,0,0,0,0,0,0,0,0,0,0,0,0,0,0,0,0,0,0,0,0,0,0,0,0,0,0,0,0,0,0,0,0,0,0,0,0,0,0,0,0,0,0,0,0,0,0,0,0,0,0
DemoSite\site\src\main\java\com\community\controller\account\UpdateAccountController.java,,0,0,0,0,0,0,0,0,0,0,0,0,0,0,0,0,0,0,0,0,0,0,0,0,0,0,0,0,0,0,0,0,0,0,0,0,0,0,0,0,0,0,0,0,0,100,25,1,0,0,0,0,0,0,0,0,0,0,0,0,0,0,0,0,0,0,0,0,0,0,0,0
DemoSite\site\src\main\java\com\community\controller\cart\CartController.java,,0,0,0,0,0,0,0,0,0,0,0,0,0,0,0,100,16.666666666666664,1,0,0,0,0,0,0,0,0,0,0,0,0,0,0,0,0,0,0,0,0,0,0,0,0,0,0,0,0,0,0,0,0,0,0,0,0,0,0,0,0,0,0,0,0,0,0,0,0,0,0,0,0,0,0
DemoSite\site\src\main\java\com\community\controller\catalog\CategoryController.java,,0,0,0,0,0,0,0,0,0,0,0,0,0,0,0,0,0,0,0,0,0,0,0,0,0,0,0,0,0,0,0,0,0,0,0,0,0,0,0,0,0,0,0,0,0,0,0,0,0,0,0,0,0,0,0,0,0,0,0,0,0,0,0,100,100,1,0,0,0,0,0,0
DemoSite\site\src\main\java\com\community\controller\catalog\ProductController.java,,0,0,0,0,0,0,0,0,0,100,100,1,0,0,0,0,0,0,0,0,0,0,0,0,0,0,0,0,0,0,0,0,0,0,0,0,0,0,0,0,0,0,0,0,0,0,0,0,0,0,0,0,0,0,0,0,0,0,0,0,0,0,0,0,0,0,0,0,0,0,0,0
DemoSite\site\src\main\java\com\community\controller\catalog\RatingsController.java,,0,0,0,0,0,0,0,0,0,0,0,0,0,0,0,0,0,0,0,0,0,0,0,0,0,0,0,0,0,0,0,0,0,0,0,0,0,0,0,0,0,0,0,0,0,0,0,0,100,100,1,0,0,0,0,0,0,0,0,0,0,0,0,0,0,0,0,0,0,0,0,0
DemoSite\site\src\main\java\com\community\controller\catalog\SearchController.java,,0,0,0,0,0,0,0,0,0,0,0,0,0,0,0,0,0,0,0,0,0,0,0,0,0,0,0,0,0,0,100,4.3478260869565215,1,0,0,0,0,0,0,0,0,0,0,0,0,0,0,0,0,0,0,0,0,0,0,0,0,0,0,0,0,0,0,0,0,0,0,0,0,0,0,0
DemoSite\site\src\main\java\com\community\controller\catalog\SkuController.java,,0,0,0,0,0,0,0,0,0,0,0,0,0,0,0,0,0,0,0,0,0,0,0,0,0,0,0,0,0,0,100,4.3478260869565215,1,0,0,0,0,0,0,0,0,0,0,0,0,0,0,0,0,0,0,0,0,0,0,0,0,0,0,0,0,0,0,0,0,0,0,0,0,0,0,0
DemoSite\site\src\main\java\com\community\controller\checkout\OrderConfirmationController.java,,0,0,0,0,0,0,0,0,0,0,0,0,0,0,0,0,0,0,0,0,0,0,0,0,0,0,0,100,2.7777777777777777,1,0,0,0,0,0,0,0,0,0,0,0,0,0,0,0,0,0,0,0,0,0,0,0,0,0,0,0,0,0,0,0,0,0,0,0,0,0,0,0,0,0,0
DemoSite\site\src\main\java\com\community\controller\checkout\PaymentInfoController.java,,0,0,0,0,0,0,0,0,0,0,0,0,0,0,0,0,0,0,0,0,0,0,0,0,0,0,0,100,2.7777777777777777,1,0,0,0,0,0,0,0,0,0,0,0,0,0,0,0,0,0,0,0,0,0,0,0,0,0,0,0,0,0,0,0,0,0,0,0,0,0,0,0,0,0,0
DemoSite\site\src\main\java\com\community\controller\checkout\SampleGiftCardController.java,,0,0,0,0,0,0,0,0,0,0,0,0,0,0,0,0,0,0,0,0,0,0,0,0,0,0,0,100,2.7777777777777777,1,0,0,0,0,0,0,0,0,0,0,0,0,0,0,0,0,0,0,0,0,0,0,0,0,0,0,0,0,0,0,0,0,0,0,0,0,0,0,0,0,0,0
DemoSite\site\src\main\java\com\community\controller\checkout\CheckoutController.java,,0,0,0,0,0,0,0,0,0,0,0,0,0,0,0,0,0,0,0,0,0,0,0,0,100,50,1,0,0,0,0,0,0,0,0,0,0,0,0,0,0,0,0,0,0,0,0,0,0,0,0,0,0,0,0,0,0,0,0,0,0,0,0,0,0,0,0,0,0,0,0,0
DemoSite\site\src\main\java\com\community\controller\checkout\ShippingInfoController.java,,0,0,0,0,0,0,0,0,0,0,0,0,0,0,0,0,0,0,0,0,0,0,0,0,100,50,1,0,0,0,0,0,0,0,0,0,0,0,0,0,0,0,0,0,0,0,0,0,0,0,0,0,0,0,0,0,0,0,0,0,0,0,0,0,0,0,0,0,0,0,0,0
DemoSite\site\src\main\java\com\community\controller\contactus\ContactUsController.java,,0,0,0,0,0,0,0,0,0,0,0,0,0,0,0,0,0,0,0,0,0,0,0,0,0,0,0,0,0,0,0,0,0,0,0,0,0,0,0,0,0,0,0,0,0,0,0,0,0,0,0,100,20,1,0,0,0,0,0,0,0,0,0,0,0,0,0,0,0,0,0,0
DemoSite\site\src\main\java\com\community\SiteApplication.java,,0,0,0,0,0,0,0,0,0,0,0,0,0,0,0,0,0,0,0,0,0,0,0,0,0,0,0,0,0,0,0,0,0,0,0,0,0,0,0,0,0,0,0,0,0,0,0,0,0,0,0,0,0,0,0,0,0,0,0,0,0,0,0,0,0,0,0,0,0,100,100,1
DemoSite\site\src\main\resources\webTemplates\account\partials\accountMenu.html,,0,0,0,0,0,0,0,0,0,0,0,0,0,0,0,0,0,0,0,0,0,0,0,0,0,0,0,0,0,0,0,0,0,0,0,0,0,0,0,0,0,0,0,0,0,100,25,1,0,0,0,0,0,0,0,0,0,0,0,0,0,0,0,0,0,0,0,0,0,0,0,0
DemoSite\site\src\main\resources\webTemplates\account\partials\customerAddress.html,,0,0,0,0,0,0,0,0,0,0,0,0,100,7.6923076923076925,1,0,0,0,0,0,0,0,0,0,0,0,0,0,0,0,0,0,0,0,0,0,0,0,0,0,0,0,0,0,0,0,0,0,0,0,0,0,0,0,0,0,0,0,0,0,0,0,0,0,0,0,0,0,0,0,0,0
DemoSite\site\src\main\resources\webTemplates\account\partials\orderDetails.html,,0,0,0,0,0,0,0,0,0,0,0,0,100,7.6923076923076925,1,0,0,0,0,0,0,0,0,0,0,0,0,0,0,0,0,0,0,0,0,0,0,0,0,0,0,0,0,0,0,0,0,0,0,0,0,0,0,0,0,0,0,0,0,0,0,0,0,0,0,0,0,0,0,0,0,0
DemoSite\site\src\main\resources\webTemplates\account\partials\savedPaymentForm.html,,0,0,0,0,0,0,0,0,0,0,0,0,100,7.6923076923076925,1,0,0,0,0,0,0,0,0,0,0,0,0,0,0,0,0,0,0,0,0,0,0,0,0,0,0,0,0,0,0,0,0,0,0,0,0,0,0,0,0,0,0,0,0,0,0,0,0,0,0,0,0,0,0,0,0,0
DemoSite\site\src\main\resources\webTemplates\account\partials\wishlistItemsRow.html,,0,0,0,0,0,0,0,0,0,0,0,0,100,7.6923076923076925,1,0,0,0,0,0,0,0,0,0,0,0,0,0,0,0,0,0,0,0,0,0,0,0,0,0,0,0,0,0,0,0,0,0,0,0,0,0,0,0,0,0,0,0,0,0,0,0,0,0,0,0,0,0,0,0,0,0
DemoSite\site\src\main\resources\webTemplates\account\changePassword.html,,0,0,0,0,0,0,0,0,0,0,0,0,0,0,0,0,0,0,0,0,0,0,0,0,0,0,0,0,0,0,0,0,0,0,0,0,0,0,0,0,0,0,0,0,0,0,0,0,0,0,0,0,0,0,0,0,0,0,0,0,0,0,0,0,0,0,100,9.090909090909092,1,0,0,0
DemoSite\site\src\main\resources\webTemplates\account\credit.html,,0,0,0,0,0,0,0,0,0,0,0,0,100,7.6923076923076925,1,0,0,0,0,0,0,0,0,0,0,0,0,0,0,0,0,0,0,0,0,0,0,0,0,0,0,0,0,0,0,0,0,0,0,0,0,0,0,0,0,0,0,0,0,0,0,0,0,0,0,0,0,0,0,0,0,0
DemoSite\site\src\main\resources\webTemplates\account\manageCustomerAddresses.html,,0,0,0,0,0,0,0,0,0,0,0,0,100,7.6923076923076925,1,0,0,0,0,0,0,0,0,0,0,0,0,0,0,0,0,0,0,0,0,0,0,0,0,0,0,0,0,0,0,0,0,0,0,0,0,0,0,0,0,0,0,0,0,0,0,0,0,0,0,0,0,0,0,0,0,0
DemoSite\site\src\main\resources\webTemplates\account\manageCustomerPayments.html,,0,0,0,0,0,0,0,0,0,0,0,0,100,7.6923076923076925,1,0,0,0,0,0,0,0,0,0,0,0,0,0,0,0,0,0,0,0,0,0,0,0,0,0,0,0,0,0,0,0,0,0,0,0,0,0,0,0,0,0,0,0,0,0,0,0,0,0,0,0,0,0,0,0,0,0
DemoSite\site\src\main\resources\webTemplates\account\manageWishlist.html,,0,0,0,0,0,0,0,0,0,0,0,0,0,0,0,0,0,0,0,0,0,0,0,0,0,0,0,0,0,0,0,0,0,100,50,1,0,0,0,0,0,0,0,0,0,0,0,0,0,0,0,0,0,0,0,0,0,0,0,0,0,0,0,0,0,0,0,0,0,0,0,0
DemoSite\site\src\main\resources\webTemplates\account\orderHistory.html,,0,0,0,0,0,0,0,0,0,0,0,0,100,7.6923076923076925,1,0,0,0,0,0,0,0,0,0,0,0,0,0,0,0,0,0,0,0,0,0,0,0,0,0,0,0,0,0,0,0,0,0,0,0,0,0,0,0,0,0,0,0,0,0,0,0,0,0,0,0,0,0,0,0,0,0
DemoSite\site\src\main\resources\webTemplates\account\redeemGiftCard.html,,0,0,0,0,0,0,0,0,0,0,0,0,100,7.6923076923076925,1,0,0,0,0,0,0,0,0,0,0,0,0,0,0,0,0,0,0,0,0,0,0,0,0,0,0,0,0,0,0,0,0,0,0,0,0,0,0,0,0,0,0,0,0,0,0,0,0,0,0,0,0,0,0,0,0,0
DemoSite\site\src\main\resources\webTemplates\account\updateAccount.html,,0,0,0,0,0,0,0,0,0,0,0,0,100,7.6923076923076925,1,0,0,0,0,0,0,0,0,0,0,0,0,0,0,0,0,0,0,0,0,0,0,0,0,0,0,0,0,0,0,0,0,0,0,0,0,0,0,0,0,0,0,0,0,0,0,0,0,0,0,0,0,0,0,0,0,0
DemoSite\site\src\main\resources\webTemplates\authentication\forgotPassword.html,,0,0,0,0,0,0,0,0,0,0,0,0,0,0,0,0,0,0,0,0,0,0,0,0,0,0,0,0,0,0,0,0,0,0,0,0,0,0,0,0,0,0,0,0,0,0,0,0,0,0,0,0,0,0,0,0,0,0,0,0,0,0,0,0,0,0,100,9.090909090909092,1,0,0,0
DemoSite\site\src\main\resources\webTemplates\authentication\forgotPasswordSuccess.html,,0,0,0,0,0,0,0,0,0,0,0,0,0,0,0,0,0,0,0,0,0,0,0,0,0,0,0,0,0,0,0,0,0,0,0,0,0,0,0,0,0,0,0,0,0,0,0,0,0,0,0,0,0,0,0,0,0,0,0,0,0,0,0,0,0,0,100,9.090909090909092,1,0,0,0
DemoSite\site\src\main\resources\webTemplates\authentication\login.html,,0,0,0,0,0,0,0,0,0,0,0,0,0,0,0,0,0,0,0,0,0,0,0,0,0,0,0,0,0,0,0,0,0,0,0,0,0,0,0,0,0,0,0,0,0,0,0,0,0,0,0,0,0,0,0,0,0,0,0,0,0,0,0,0,0,0,100,9.090909090909092,1,0,0,0
DemoSite\site\src\main\resources\webTemplates\authentication\loginForm.html,,0,0,0,0,0,0,0,0,0,0,0,0,0,0,0,0,0,0,0,0,0,0,0,0,0,0,0,0,0,0,0,0,0,0,0,0,0,0,0,0,0,0,0,0,0,0,0,0,0,0,0,0,0,0,0,0,0,0,0,0,0,0,0,0,0,0,100,9.090909090909092,1,0,0,0
DemoSite\site\src\main\resources\webTemplates\authentication\registerForm.html,,0,0,0,0,0,0,0,0,0,0,0,0,0,0,0,0,0,0,0,0,0,0,0,0,0,0,0,0,0,0,0,0,0,0,0,0,0,0,0,0,0,0,0,0,0,0,0,0,0,0,0,0,0,0,0,0,0,0,0,0,0,0,0,0,0,0,100,9.090909090909092,1,0,0,0
DemoSite\site\src\main\resources\webTemplates\authentication\resetPassword.html,,0,0,0,0,0,0,0,0,0,0,0,0,0,0,0,0,0,0,0,0,0,0,0,0,0,0,0,0,0,0,0,0,0,0,0,0,0,0,0,0,0,0,0,0,0,0,0,0,0,0,0,0,0,0,0,0,0,0,0,0,0,0,0,0,0,0,100,9.090909090909092,1,0,0,0
DemoSite\site\src\main\resources\webTemplates\authentication\resetPasswordError.html,,0,0,0,0,0,0,0,0,0,0,0,0,0,0,0,0,0,0,0,0,0,0,0,0,0,0,0,0,0,0,0,0,0,0,0,0,0,0,0,0,0,0,0,0,0,0,0,0,0,0,0,0,0,0,0,0,0,0,0,0,0,0,0,0,0,0,100,9.090909090909092,1,0,0,0
DemoSite\site\src\main\resources\webTemplates\cart\cart.html,,0,0,0,0,0,0,0,0,0,0,0,0,0,0,0,100,16.666666666666664,1,0,0,0,0,0,0,0,0,0,0,0,0,0,0,0,0,0,0,0,0,0,0,0,0,0,0,0,0,0,0,0,0,0,0,0,0,0,0,0,0,0,0,0,0,0,0,0,0,0,0,0,0,0,0
DemoSite\site\src\main\resources\webTemplates\cart\partials\cartBundledProducts.html,,0,0,0,0,0,0,0,0,0,0,0,0,0,0,0,100,16.666666666666664,1,0,0,0,0,0,0,0,0,0,0,0,0,0,0,0,0,0,0,0,0,0,0,0,0,0,0,0,0,0,0,0,0,0,0,0,0,0,0,0,0,0,0,0,0,0,0,0,0,0,0,0,0,0,0
DemoSite\site\src\main\resources\webTemplates\cart\partials\cartItemSummary.html,,0,0,0,0,0,0,0,0,0,0,0,0,0,0,0,100,16.666666666666664,1,0,0,0,0,0,0,0,0,0,0,0,0,0,0,0,0,0,0,0,0,0,0,0,0,0,0,0,0,0,0,0,0,0,0,0,0,0,0,0,0,0,0,0,0,0,0,0,0,0,0,0,0,0,0
DemoSite\site\src\main\resources\webTemplates\cart\partials\cartPricingSummary.html,,0,0,0,0,0,0,0,0,0,0,0,0,0,0,0,100,16.666666666666664,1,0,0,0,0,0,0,0,0,0,0,0,0,0,0,0,0,0,0,0,0,0,0,0,0,0,0,0,0,0,0,0,0,0,0,0,0,0,0,0,0,0,0,0,0,0,0,0,0,0,0,0,0,0,0
DemoSite\site\src\main\resources\webTemplates\cart\partials\cartProductRow.html,,0,0,0,0,0,0,0,0,0,0,0,0,0,0,0,100,16.666666666666664,1,0,0,0,0,0,0,0,0,0,0,0,0,0,0,0,0,0,0,0,0,0,0,0,0,0,0,0,0,0,0,0,0,0,0,0,0,0,0,0,0,0,0,0,0,0,0,0,0,0,0,0,0,0,0
DemoSite\site\src\main\resources\webTemplates\catalog\partials\facetFilter.html,,0,0,0,0,0,0,0,0,0,0,0,0,0,0,0,0,0,0,0,0,0,0,0,0,0,0,0,0,0,0,100,4.3478260869565215,1,0,0,0,0,0,0,0,0,0,0,0,0,0,0,0,0,0,0,0,0,0,0,0,0,0,0,0,0,0,0,0,0,0,0,0,0,0,0,0
DemoSite\site\src\main\resources\webTemplates\catalog\partials\facetValueDisplay.html,,0,0,0,0,0,0,0,0,0,0,0,0,0,0,0,0,0,0,0,0,0,0,0,0,0,0,0,0,0,0,100,4.3478260869565215,1,0,0,0,0,0,0,0,0,0,0,0,0,0,0,0,0,0,0,0,0,0,0,0,0,0,0,0,0,0,0,0,0,0,0,0,0,0,0,0
DemoSite\site\src\main\resources\webTemplates\catalog\partials\featuredProduct.html,,0,0,0,0,0,0,0,0,0,0,0,0,0,0,0,0,0,0,0,0,0,0,0,0,0,0,0,0,0,0,100,4.3478260869565215,1,0,0,0,0,0,0,0,0,0,0,0,0,0,0,0,0,0,0,0,0,0,0,0,0,0,0,0,0,0,0,0,0,0,0,0,0,0,0,0
DemoSite\site\src\main\resources\webTemplates\catalog\partials\offers.html,,0,0,0,0,0,0,0,0,0,0,0,0,0,0,0,0,0,0,0,0,0,0,0,0,0,0,0,0,0,0,100,4.3478260869565215,1,0,0,0,0,0,0,0,0,0,0,0,0,0,0,0,0,0,0,0,0,0,0,0,0,0,0,0,0,0,0,0,0,0,0,0,0,0,0,0
DemoSite\site\src\main\resources\webTemplates\catalog\partials\productListItem.html,,0,0,0,0,0,0,0,0,0,0,0,0,0,0,0,0,0,0,0,0,0,0,0,0,0,0,0,0,0,0,100,4.3478260869565215,1,0,0,0,0,0,0,0,0,0,0,0,0,0,0,0,0,0,0,0,0,0,0,0,0,0,0,0,0,0,0,0,0,0,0,0,0,0,0,0
DemoSite\site\src\main\resources\webTemplates\catalog\partials\productListItemHoverActions.html,,0,0,0,0,0,0,0,0,0,0,0,0,0,0,0,0,0,0,0,0,0,0,0,0,0,0,0,0,0,0,100,4.3478260869565215,1,0,0,0,0,0,0,0,0,0,0,0,0,0,0,0,0,0,0,0,0,0,0,0,0,0,0,0,0,0,0,0,0,0,0,0,0,0,0,0
DemoSite\site\src\main\resources\webTemplates\catalog\partials\productOperations.html,,0,0,0,0,0,0,0,0,0,0,0,0,0,0,0,0,0,0,0,0,0,0,0,0,0,0,0,0,0,0,100,4.3478260869565215,1,0,0,0,0,0,0,0,0,0,0,0,0,0,0,0,0,0,0,0,0,0,0,0,0,0,0,0,0,0,0,0,0,0,0,0,0,0,0,0
DemoSite\site\src\main\resources\webTemplates\catalog\partials\productOptions.html,,0,0,0,0,0,0,0,0,0,0,0,0,0,0,0,0,0,0,0,0,0,0,0,0,0,0,0,0,0,0,100,4.3478260869565215,1,0,0,0,0,0,0,0,0,0,0,0,0,0,0,0,0,0,0,0,0,0,0,0,0,0,0,0,0,0,0,0,0,0,0,0,0,0,0,0
DemoSite\site\src\main\resources\webTemplates\catalog\partials\productPagingOptions.html,,0,0,0,0,0,0,0,0,0,0,0,0,0,0,0,0,0,0,0,0,0,0,0,0,0,0,0,0,0,0,100,4.3478260869565215,1,0,0,0,0,0,0,0,0,0,0,0,0,0,0,0,0,0,0,0,0,0,0,0,0,0,0,0,0,0,0,0,0,0,0,0,0,0,0,0
DemoSite\site\src\main\resources\webTemplates\catalog\partials\productPrice.html,,0,0,0,0,0,0,0,0,0,0,0,0,0,0,0,0,0,0,0,0,0,0,0,0,0,0,0,0,0,0,100,4.3478260869565215,1,0,0,0,0,0,0,0,0,0,0,0,0,0,0,0,0,0,0,0,0,0,0,0,0,0,0,0,0,0,0,0,0,0,0,0,0,0,0,0
DemoSite\site\src\main\resources\webTemplates\catalog\partials\productQuickView.html,,0,0,0,0,0,0,0,0,0,0,0,0,0,0,0,0,0,0,0,0,0,0,0,0,0,0,0,0,0,0,100,4.3478260869565215,1,0,0,0,0,0,0,0,0,0,0,0,0,0,0,0,0,0,0,0,0,0,0,0,0,0,0,0,0,0,0,0,0,0,0,0,0,0,0,0
DemoSite\site\src\main\resources\webTemplates\catalog\partials\productReviews.html,,0,0,0,0,0,0,0,0,0,0,0,0,0,0,0,0,0,0,0,0,0,0,0,0,0,0,0,0,0,0,100,4.3478260869565215,1,0,0,0,0,0,0,0,0,0,0,0,0,0,0,0,0,0,0,0,0,0,0,0,0,0,0,0,0,0,0,0,0,0,0,0,0,0,0,0
DemoSite\site\src\main\resources\webTemplates\catalog\partials\productSortOptions.html,,0,0,0,0,0,0,0,0,0,0,0,0,0,0,0,0,0,0,0,0,0,0,0,0,0,0,0,0,0,0,100,4.3478260869565215,1,0,0,0,0,0,0,0,0,0,0,0,0,0,0,0,0,0,0,0,0,0,0,0,0,0,0,0,0,0,0,0,0,0,0,0,0,0,0,0
DemoSite\site\src\main\resources\webTemplates\catalog\partials\productZoomModal.html,,0,0,0,0,0,0,0,0,0,0,0,0,0,0,0,0,0,0,0,0,0,0,0,0,0,0,0,0,0,0,100,4.3478260869565215,1,0,0,0,0,0,0,0,0,0,0,0,0,0,0,0,0,0,0,0,0,0,0,0,0,0,0,0,0,0,0,0,0,0,0,0,0,0,0,0
DemoSite\site\src\main\resources\webTemplates\catalog\partials\relatedProduct.html,,0,0,0,0,0,0,0,0,0,0,0,0,0,0,0,0,0,0,0,0,0,0,0,0,0,0,0,0,0,0,100,4.3478260869565215,1,0,0,0,0,0,0,0,0,0,0,0,0,0,0,0,0,0,0,0,0,0,0,0,0,0,0,0,0,0,0,0,0,0,0,0,0,0,0,0
DemoSite\site\src\main\resources\webTemplates\catalog\partials\review.html,,0,0,0,0,0,0,0,0,0,0,0,0,0,0,0,0,0,0,0,0,0,0,0,0,0,0,0,0,0,0,100,4.3478260869565215,1,0,0,0,0,0,0,0,0,0,0,0,0,0,0,0,0,0,0,0,0,0,0,0,0,0,0,0,0,0,0,0,0,0,0,0,0,0,0,0
DemoSite\site\src\main\resources\webTemplates\catalog\partials\reviewSuccessful.html,,0,0,0,0,0,0,0,0,0,0,0,0,0,0,0,0,0,0,0,0,0,0,0,0,0,0,0,0,0,0,100,4.3478260869565215,1,0,0,0,0,0,0,0,0,0,0,0,0,0,0,0,0,0,0,0,0,0,0,0,0,0,0,0,0,0,0,0,0,0,0,0,0,0,0,0
DemoSite\site\src\main\resources\webTemplates\catalog\partials\rightHandBannerAds.html,,0,0,0,0,0,0,0,0,0,0,0,0,0,0,0,0,0,0,0,0,0,0,0,0,0,0,0,0,0,0,100,4.3478260869565215,1,0,0,0,0,0,0,0,0,0,0,0,0,0,0,0,0,0,0,0,0,0,0,0,0,0,0,0,0,0,0,0,0,0,0,0,0,0,0,0
DemoSite\site\src\main\resources\webTemplates\catalog\partials\skuListItem.html,,0,0,0,0,0,0,0,0,0,0,0,0,0,0,0,0,0,0,0,0,0,0,0,0,0,0,0,0,0,0,100,4.3478260869565215,1,0,0,0,0,0,0,0,0,0,0,0,0,0,0,0,0,0,0,0,0,0,0,0,0,0,0,0,0,0,0,0,0,0,0,0,0,0,0,0
DemoSite\site\src\main\resources\webTemplates\catalog\partials\socialMediaButtons.html,,0,0,0,0,0,0,0,0,0,0,0,0,0,0,0,0,0,0,0,0,0,0,0,0,0,0,0,0,0,0,100,4.3478260869565215,1,0,0,0,0,0,0,0,0,0,0,0,0,0,0,0,0,0,0,0,0,0,0,0,0,0,0,0,0,0,0,0,0,0,0,0,0,0,0,0
DemoSite\site\src\main\resources\webTemplates\catalog\partials\wishlistButton.html,,0,0,0,0,0,0,0,0,0,0,0,0,0,0,0,0,0,0,0,0,0,0,0,0,0,0,0,0,0,0,100,4.3478260869565215,1,0,0,0,0,0,0,0,0,0,0,0,0,0,0,0,0,0,0,0,0,0,0,0,0,0,0,0,0,0,0,0,0,0,0,0,0,0,0,0
DemoSite\site\src\main\resources\webTemplates\checkout\checkout.html,,0,0,0,0,0,0,0,0,0,0,0,0,0,0,0,0,0,0,0,0,0,0,0,0,0,0,0,100,2.7777777777777777,1,0,0,0,0,0,0,0,0,0,0,0,0,0,0,0,0,0,0,0,0,0,0,0,0,0,0,0,0,0,0,0,0,0,0,0,0,0,0,0,0,0,0
DemoSite\site\src\main\resources\webTemplates\checkout\confirmation.html,,0,0,0,0,0,0,0,0,0,0,0,0,0,0,0,0,0,0,0,0,0,0,0,0,0,0,0,100,2.7777777777777777,1,0,0,0,0,0,0,0,0,0,0,0,0,0,0,0,0,0,0,0,0,0,0,0,0,0,0,0,0,0,0,0,0,0,0,0,0,0,0,0,0,0,0
DemoSite\site\src\main\resources\webTemplates\checkout\multiship.html,,0,0,0,0,0,0,0,0,0,0,0,0,0,0,0,0,0,0,0,0,0,0,0,0,0,0,0,100,2.7777777777777777,1,0,0,0,0,0,0,0,0,0,0,0,0,0,0,0,0,0,0,0,0,0,0,0,0,0,0,0,0,0,0,0,0,0,0,0,0,0,0,0,0,0,0
DemoSite\site\src\main\resources\webTemplates\checkout\multishipAddAddressForm.html,,0,0,0,0,0,0,0,0,0,0,0,0,0,0,0,0,0,0,0,0,0,0,0,0,0,0,0,100,2.7777777777777777,1,0,0,0,0,0,0,0,0,0,0,0,0,0,0,0,0,0,0,0,0,0,0,0,0,0,0,0,0,0,0,0,0,0,0,0,0,0,0,0,0,0,0
DemoSite\site\src\main\resources\webTemplates\checkout\partials\accountCreditForm.html,,0,0,0,0,0,0,0,0,0,0,0,0,0,0,0,0,0,0,0,0,0,0,0,0,0,0,0,100,2.7777777777777777,1,0,0,0,0,0,0,0,0,0,0,0,0,0,0,0,0,0,0,0,0,0,0,0,0,0,0,0,0,0,0,0,0,0,0,0,0,0,0,0,0,0,0
DemoSite\site\src\main\resources\webTemplates\checkout\partials\applyCreditForm.html,,0,0,0,0,0,0,0,0,0,0,0,0,0,0,0,0,0,0,0,0,0,0,0,0,0,0,0,100,2.7777777777777777,1,0,0,0,0,0,0,0,0,0,0,0,0,0,0,0,0,0,0,0,0,0,0,0,0,0,0,0,0,0,0,0,0,0,0,0,0,0,0,0,0,0,0
DemoSite\site\src\main\resources\webTemplates\checkout\partials\applyGiftCard.html,,0,0,0,0,0,0,0,0,0,0,0,0,0,0,0,0,0,0,0,0,0,0,0,0,0,0,0,100,2.7777777777777777,1,0,0,0,0,0,0,0,0,0,0,0,0,0,0,0,0,0,0,0,0,0,0,0,0,0,0,0,0,0,0,0,0,0,0,0,0,0,0,0,0,0,0
DemoSite\site\src\main\resources\webTemplates\checkout\partials\billingAddress.html,,0,0,0,0,0,0,0,0,0,0,0,0,0,0,0,0,0,0,0,0,0,0,0,0,0,0,0,100,2.7777777777777777,1,0,0,0,0,0,0,0,0,0,0,0,0,0,0,0,0,0,0,0,0,0,0,0,0,0,0,0,0,0,0,0,0,0,0,0,0,0,0,0,0,0,0
DemoSite\site\src\main\resources\webTemplates\checkout\partials\checkoutAlert.html,,0,0,0,0,0,0,0,0,0,0,0,0,0,0,0,0,0,0,0,0,0,0,0,0,0,0,0,100,2.7777777777777777,1,0,0,0,0,0,0,0,0,0,0,0,0,0,0,0,0,0,0,0,0,0,0,0,0,0,0,0,0,0,0,0,0,0,0,0,0,0,0,0,0,0,0
DemoSite\site\src\main\resources\webTemplates\checkout\partials\checkoutStages.html,,0,0,0,0,0,0,0,0,0,0,0,0,0,0,0,0,0,0,0,0,0,0,0,0,0,0,0,100,2.7777777777777777,1,0,0,0,0,0,0,0,0,0,0,0,0,0,0,0,0,0,0,0,0,0,0,0,0,0,0,0,0,0,0,0,0,0,0,0,0,0,0,0,0,0,0
DemoSite\site\src\main\resources\webTemplates\checkout\partials\confirmationMessages.html,,0,0,0,0,0,0,0,0,0,0,0,0,0,0,0,0,0,0,0,0,0,0,0,0,0,0,0,100,2.7777777777777777,1,0,0,0,0,0,0,0,0,0,0,0,0,0,0,0,0,0,0,0,0,0,0,0,0,0,0,0,0,0,0,0,0,0,0,0,0,0,0,0,0,0,0
DemoSite\site\src\main\resources\webTemplates\checkout\partials\confirmationPaymentInfo.html,,0,0,0,0,0,0,0,0,0,0,0,0,0,0,0,0,0,0,0,0,0,0,0,0,0,0,0,100,2.7777777777777777,1,0,0,0,0,0,0,0,0,0,0,0,0,0,0,0,0,0,0,0,0,0,0,0,0,0,0,0,0,0,0,0,0,0,0,0,0,0,0,0,0,0,0
DemoSite\site\src\main\resources\webTemplates\checkout\partials\confirmationShippingInfo.html,,0,0,0,0,0,0,0,0,0,0,0,0,0,0,0,0,0,0,0,0,0,0,0,0,0,0,0,100,2.7777777777777777,1,0,0,0,0,0,0,0,0,0,0,0,0,0,0,0,0,0,0,0,0,0,0,0,0,0,0,0,0,0,0,0,0,0,0,0,0,0,0,0,0,0,0
DemoSite\site\src\main\resources\webTemplates\checkout\partials\demoDisclaimer.html,,0,0,0,0,0,0,0,0,0,0,0,0,0,0,0,0,0,0,0,0,0,0,0,0,0,0,0,100,2.7777777777777777,1,0,0,0,0,0,0,0,0,0,0,0,0,0,0,0,0,0,0,0,0,0,0,0,0,0,0,0,0,0,0,0,0,0,0,0,0,0,0,0,0,0,0
DemoSite\site\src\main\resources\webTemplates\checkout\partials\miniCart.html,,0,0,0,0,0,0,0,0,0,0,0,0,0,0,0,0,0,0,0,0,0,0,0,0,0,0,0,100,2.7777777777777777,1,0,0,0,0,0,0,0,0,0,0,0,0,0,0,0,0,0,0,0,0,0,0,0,0,0,0,0,0,0,0,0,0,0,0,0,0,0,0,0,0,0,0
DemoSite\site\src\main\resources\webTemplates\checkout\partials\miniCartItemList.html,,0,0,0,0,0,0,0,0,0,0,0,0,0,0,0,0,0,0,0,0,0,0,0,0,0,0,0,100,2.7777777777777777,1,0,0,0,0,0,0,0,0,0,0,0,0,0,0,0,0,0,0,0,0,0,0,0,0,0,0,0,0,0,0,0,0,0,0,0,0,0,0,0,0,0,0
DemoSite\site\src\main\resources\webTemplates\checkout\partials\multishipInfo.html,,0,0,0,0,0,0,0,0,0,0,0,0,0,0,0,0,0,0,0,0,0,0,0,0,0,0,0,100,2.7777777777777777,1,0,0,0,0,0,0,0,0,0,0,0,0,0,0,0,0,0,0,0,0,0,0,0,0,0,0,0,0,0,0,0,0,0,0,0,0,0,0,0,0,0,0
DemoSite\site\src\main\resources\webTemplates\checkout\partials\multiShipInfoForm.html,,0,0,0,0,0,0,0,0,0,0,0,0,0,0,0,0,0,0,0,0,0,0,0,0,0,0,0,100,2.7777777777777777,1,0,0,0,0,0,0,0,0,0,0,0,0,0,0,0,0,0,0,0,0,0,0,0,0,0,0,0,0,0,0,0,0,0,0,0,0,0,0,0,0,0,0
DemoSite\site\src\main\resources\webTemplates\checkout\partials\orderInfoForm.html,,0,0,0,0,0,0,0,0,0,0,0,0,0,0,0,0,0,0,0,0,0,0,0,0,0,0,0,100,2.7777777777777777,1,0,0,0,0,0,0,0,0,0,0,0,0,0,0,0,0,0,0,0,0,0,0,0,0,0,0,0,0,0,0,0,0,0,0,0,0,0,0,0,0,0,0
DemoSite\site\src\main\resources\webTemplates\checkout\partials\orderItemConfigureMessaging.html,,0,0,0,0,0,0,0,0,0,0,0,0,0,0,0,0,0,0,0,0,0,0,0,0,0,0,0,100,2.7777777777777777,1,0,0,0,0,0,0,0,0,0,0,0,0,0,0,0,0,0,0,0,0,0,0,0,0,0,0,0,0,0,0,0,0,0,0,0,0,0,0,0,0,0,0
DemoSite\site\src\main\resources\webTemplates\checkout\partials\orderSummary.html,,0,0,0,0,0,0,0,0,0,0,0,0,0,0,0,0,0,0,0,0,0,0,0,0,0,0,0,100,2.7777777777777777,1,0,0,0,0,0,0,0,0,0,0,0,0,0,0,0,0,0,0,0,0,0,0,0,0,0,0,0,0,0,0,0,0,0,0,0,0,0,0,0,0,0,0
DemoSite\site\src\main\resources\webTemplates\checkout\partials\paymentMethods.html,,0,0,0,0,0,0,0,0,0,0,0,0,0,0,0,0,0,0,0,0,0,0,0,0,0,0,0,100,2.7777777777777777,1,0,0,0,0,0,0,0,0,0,0,0,0,0,0,0,0,0,0,0,0,0,0,0,0,0,0,0,0,0,0,0,0,0,0,0,0,0,0,0,0,0,0
DemoSite\site\src\main\resources\webTemplates\checkout\partials\promoCodes.html,,0,0,0,0,0,0,0,0,0,0,0,0,0,0,0,0,0,0,0,0,0,0,0,0,0,0,0,100,2.7777777777777777,1,0,0,0,0,0,0,0,0,0,0,0,0,0,0,0,0,0,0,0,0,0,0,0,0,0,0,0,0,0,0,0,0,0,0,0,0,0,0,0,0,0,0
DemoSite\site\src\main\resources\webTemplates\checkout\partials\shippingInfoForm.html,,0,0,0,0,0,0,0,0,0,0,0,0,0,0,0,0,0,0,0,0,0,0,0,0,0,0,0,100,2.7777777777777777,1,0,0,0,0,0,0,0,0,0,0,0,0,0,0,0,0,0,0,0,0,0,0,0,0,0,0,0,0,0,0,0,0,0,0,0,0,0,0,0,0,0,0
DemoSite\site\src\main\resources\webTemplates\checkout\partials\singleShipInfoForm.html,,0,0,0,0,0,0,0,0,0,0,0,0,0,0,0,0,0,0,0,0,0,0,0,0,0,0,0,100,2.7777777777777777,1,0,0,0,0,0,0,0,0,0,0,0,0,0,0,0,0,0,0,0,0,0,0,0,0,0,0,0,0,0,0,0,0,0,0,0,0,0,0,0,0,0,0
DemoSite\site\src\main\resources\webTemplates\checkout\payment\codPaymentMethodForm.html,,0,0,0,0,0,0,0,0,0,0,0,0,0,0,0,0,0,0,0,0,0,0,0,0,0,0,0,100,2.7777777777777777,1,0,0,0,0,0,0,0,0,0,0,0,0,0,0,0,0,0,0,0,0,0,0,0,0,0,0,0,0,0,0,0,0,0,0,0,0,0,0,0,0,0,0
DemoSite\site\src\main\resources\webTemplates\checkout\stages\paymentStage.html,,0,0,0,0,0,0,0,0,0,0,0,0,0,0,0,0,0,0,0,0,0,0,0,0,0,0,0,100,2.7777777777777777,1,0,0,0,0,0,0,0,0,0,0,0,0,0,0,0,0,0,0,0,0,0,0,0,0,0,0,0,0,0,0,0,0,0,0,0,0,0,0,0,0,0,0
DemoSite\site\src\main\resources\webTemplates\checkout\stages\reviewStage.html,,0,0,0,0,0,0,0,0,0,0,0,0,0,0,0,0,0,0,0,0,0,0,0,0,0,0,0,100,2.7777777777777777,1,0,0,0,0,0,0,0,0,0,0,0,0,0,0,0,0,0,0,0,0,0,0,0,0,0,0,0,0,0,0,0,0,0,0,0,0,0,0,0,0,0,0
DemoSite\site\src\main\resources\webTemplates\checkout\stages\shippingStage.html,,0,0,0,0,0,0,0,0,0,0,0,0,0,0,0,0,0,0,0,0,0,0,0,0,0,0,0,100,2.7777777777777777,1,0,0,0,0,0,0,0,0,0,0,0,0,0,0,0,0,0,0,0,0,0,0,0,0,0,0,0,0,0,0,0,0,0,0,0,0,0,0,0,0,0,0
DemoSite\site\src\main\resources\webTemplates\contactus\contactus.html,,0,0,0,0,0,0,0,0,0,0,0,0,0,0,0,0,0,0,0,0,0,0,0,0,0,0,0,0,0,0,0,0,0,0,0,0,0,0,0,0,0,0,0,0,0,0,0,0,0,0,0,100,20,1,0,0,0,0,0,0,0,0,0,0,0,0,0,0,0,0,0,0
DemoSite\site\src\main\resources\webTemplates\contactus\success.html,,0,0,0,0,0,0,0,0,0,0,0,0,0,0,0,0,0,0,0,0,0,0,0,0,0,0,0,0,0,0,0,0,0,0,0,0,0,0,0,0,0,0,0,0,0,0,0,0,0,0,0,100,20,1,0,0,0,0,0,0,0,0,0,0,0,0,0,0,0,0,0,0
DemoSite\site\src\main\resources\webTemplates\layout\partials\registeredCustomerActions.html,,0,0,0,0,0,0,0,0,0,0,0,0,0,0,0,0,0,0,0,0,0,0,0,0,0,0,0,0,0,0,0,0,0,0,0,0,0,0,0,0,0,0,0,0,0,100,25,1,0,0,0,0,0,0,0,0,0,0,0,0,0,0,0,0,0,0,0,0,0,0,0,0
DemoSite\site\src\main\resources\webTemplates\partials\creditCard.html,,0,0,0,0,0,0,0,0,0,0,0,0,0,0,0,0,0,0,0,0,0,0,0,0,0,0,0,100,2.7777777777777777,1,0,0,0,0,0,0,0,0,0,0,0,0,0,0,0,0,0,0,0,0,0,0,0,0,0,0,0,0,0,0,0,0,0,0,0,0,0,0,0,0,0,0
DemoSite\site\src\main\resources\webTemplates\partials\creditCardTypes.html,,0,0,0,0,0,0,0,0,0,0,0,0,0,0,0,0,0,0,0,0,0,0,0,0,0,0,0,100,2.7777777777777777,1,0,0,0,0,0,0,0,0,0,0,0,0,0,0,0,0,0,0,0,0,0,0,0,0,0,0,0,0,0,0,0,0,0,0,0,0,0,0,0,0,0,0
DemoSite\site\src\main\resources\webTemplates\partials\savedPaymentCard.html,,0,0,0,0,0,0,0,0,0,0,0,0,0,0,0,0,0,0,0,0,0,0,0,0,0,0,0,100,2.7777777777777777,1,0,0,0,0,0,0,0,0,0,0,0,0,0,0,0,0,0,0,0,0,0,0,0,0,0,0,0,0,0,0,0,0,0,0,0,0,0,0,0,0,0,0
DemoSite\site\src\main\resources\webTemplates\partials\simpleAddress.html,,0,0,0,0,0,0,0,0,0,0,0,0,0,0,0,0,0,0,0,0,0,0,0,0,0,0,0,100,2.7777777777777777,1,0,0,0,0,0,0,0,0,0,0,0,0,0,0,0,0,0,0,0,0,0,0,0,0,0,0,0,0,0,0,0,0,0,0,0,0,0,0,0,0,0,0
DemoSite\site\src\main\resources\webTemplates\layout\partials\footer.html,,0,0,0,0,0,0,0,0,0,0,0,0,0,0,0,0,0,0,0,0,0,0,0,0,0,0,0,0,0,0,0,0,0,0,0,0,0,0,0,0,0,0,0,0,0,0,0,0,0,0,0,24.851324562984324,40,2,0,0,0,0,0,0,0,0,0,0,0,0,0,0,0,0,0,0
DemoSite\site\src\main\resources\webTemplates\layout\partials\navLocaleSelector.html,,0,0,0,0,0,0,0,0,0,0,0,0,0,0,0,0,0,0,0,0,0,0,0,0,0,0,0,0,0,0,0,0,0,0,0,0,0,0,0,0,0,0,0,0,0,0,0,0,0,0,0,0,0,0,0,0,0,0,0,0,33.2522303325223,100,1,0,0,0,0,0,0,0,0,0
DemoSite\site\src\main\resources\webTemplates\layout\partials\nav.html,,0,0,0,0,0,0,0,0,0,0,0,0,0,0,0,0,0,0,0,0,0,0,0,0,0,0,0,0,0,0,0,0,0,0,0,0,0,0,0,0,0,0,0,0,0,0,0,0,0,0,0,0,0,0,0,0,0,0,0,0,0,0,0,0,0,0,4.352107128790863,9.090909090909092,1,0,0,0
DemoSite\site\src\main\resources\webTemplates\checkout\checkoutLogin.html,,0,0,0,0,0,0,0,0,0,0,0,0,0,0,0,0,0,0,0,0,0,0,0,0,0,0,0,0,0,0,0,0,0,0,0,0,0,0,0,0,0,0,0,0,0,0,0,0,0,0,0,0,0,0,0,0,0,0,0,0,0,0,0,0,0,0,29.218967921896795,9.090909090909092,1,0,0,0
DemoSite\site\src\main\resources\webTemplates\checkout\payment\creditCardPaymentMethodForm.html,,0,0,0,0,0,0,0,0,0,0,0,0,0,0,0,0,0,0,0,0,0,100,33.33333333333333,1,0,0,0,0,0,0,0,0,0,0,0,0,0,0,0,0,0,0,0,0,0,0,0,0,0,0,0,0,0,0,0,0,0,0,0,0,0,0,0,0,0,0,0,0,0,0,0,0
DemoSite\site\src\main\resources\webTemplates\cart\partials\cartOperations.html,,0,0,0,0,0,0,0,0,0,0,0,0,0,0,0,0,0,0,0,0,0,6.156405990016639,66.66666666666666,2,0,0,0,0,0,0,0,0,0,0,0,0,0,0,0,37.2712146422629,100,1,0,0,0,0,0,0,0,0,0,0,0,0,0,0,0,0,0,0,0,0,0,0,0,0,0,0,0,0,0,0
