Feature,#Markers,#Code Markers,#File Markers,#Propagations,#Deletion Propagations,#Replacement Propagations,#Resource Propagations,#Path Propagations

Site,1,0,1,1,1,0,0,1
Customer choose language,1,1,0,1,1,0,0,0
Purchase product,0,0,0,0,0,0,0,0
Manage Cart,2,0,2,6,6,0,0,8
Choose order modalities,2,0,2,2,2,0,0,2
Proceed payement,6,0,6,36,36,0,0,41
Save for later,2,0,2,2,2,0,0,2
Get informed,0,0,0,0,0,0,0,0
Get support,4,2,2,5,5,0,0,4
View informations,0,0,0,0,0,0,0,0
Manage account as customer,4,0,4,4,4,0,0,4
Register,2,0,2,2,2,0,0,2
Login,5,2,3,11,11,0,0,10
Customer account informations,13,0,13,13,13,0,0,13
Browse Catalog,3,0,3,23,23,0,0,24
Browse categories,1,0,1,1,1,0,0,1
Filter product,0,0,0,0,0,0,0,0
View product,1,0,1,1,1,0,0,1
Product informations,0,0,0,0,0,0,0,0
Product image,0,0,0,0,0,0,0,0
Feedback,1,0,1,1,1,0,0,1
Share product,0,0,0,0,0,0,0,0
PayPal,1,1,0,1,1,0,0,0
Credit Card,3,2,1,3,3,0,0,1